{
  "timestamp": "2025-05-11 23:55:12",
  "base_model": "all-MiniLM-L6-v2",
  "finetuned_model": "models/finetuned_all-MiniLM-L6-v2_20250511_235400",
  "metrics": {
    "precision@1": {
      "base": 0.6672932330827067,
      "finetuned": 0.9022556390977443,
      "improvement": 0.2349624060150376,
      "relative_improvement": 35.21126760563381
    },
    "precision@3": {
      "base": 0.4461152882205503,
      "finetuned": 0.6860902255639081,
      "improvement": 0.23997493734335779,
      "relative_improvement": 53.79213483146067
    },
    "precision@5": {
      "base": 0.3943609022556365,
      "finetuned": 0.6165413533834561,
      "improvement": 0.22218045112781953,
      "relative_improvement": 56.339370829361656
    },
    "mrr": {
      "base": 0.7136784041036535,
      "finetuned": 0.9355158414110095,
      "improvement": 0.22183743730735606,
      "relative_improvement": 31.08366962371146
    },
    "ndcg@5": {
      "base": 0.5693878800061999,
      "finetuned": 0.9338946848383554,
      "improvement": 0.3645068048321555,
      "relative_improvement": 64.01731010294537
    }
  }
}